<?xml version="1.0" encoding="UTF-8" standalone="yes"?>
<a:clrScheme xmlns:a="http://schemas.openxmlformats.org/drawingml/2006/main" name="Business Growth - Light Version"><a:dk1><a:srgbClr val="737572"/></a:dk1><a:lt1><a:sysClr val="window" lastClr="FFFFFF"/></a:lt1><a:dk2><a:srgbClr val="445469"/></a:dk2><a:lt2><a:srgbClr val="F6F7FA"/></a:lt2><a:accent1><a:srgbClr val="0D73B2"/></a:accent1><a:accent2><a:srgbClr val="445468"/></a:accent2><a:accent3><a:srgbClr val="33D1AD"/></a:accent3><a:accent4><a:srgbClr val="F19A14"/></a:accent4><a:accent5><a:srgbClr val="91CE55"/></a:accent5><a:accent6><a:srgbClr val="CAC9D0"/></a:accent6><a:hlink><a:srgbClr val="216BA9"/></a:hlink><a:folHlink><a:srgbClr val="1FB18A"/></a:folHlink></a:clrScheme>