<?xml version="1.0" encoding="UTF-8" standalone="yes"?>
<a:clrScheme xmlns:a="http://schemas.openxmlformats.org/drawingml/2006/main" name="Motagua - Coloured 3 - Dark"><a:dk1><a:srgbClr val="FFFFFF"/></a:dk1><a:lt1><a:sysClr val="window" lastClr="FFFFFF"/></a:lt1><a:dk2><a:srgbClr val="FFFFFF"/></a:dk2><a:lt2><a:srgbClr val="19242F"/></a:lt2><a:accent1><a:srgbClr val="F08F1E"/></a:accent1><a:accent2><a:srgbClr val="EE0F53"/></a:accent2><a:accent3><a:srgbClr val="1B87F9"/></a:accent3><a:accent4><a:srgbClr val="8DE823"/></a:accent4><a:accent5><a:srgbClr val="EEFD2A"/></a:accent5><a:accent6><a:srgbClr val="445469"/></a:accent6><a:hlink><a:srgbClr val="F33B48"/></a:hlink><a:folHlink><a:srgbClr val="FFC000"/></a:folHlink></a:clrScheme>