<?xml version="1.0" encoding="UTF-8" standalone="yes"?>
<a:clrScheme xmlns:a="http://schemas.openxmlformats.org/drawingml/2006/main" name="Motagua - Blue Flat - Light"><a:dk1><a:srgbClr val="7E7E7E"/></a:dk1><a:lt1><a:sysClr val="window" lastClr="FFFFFF"/></a:lt1><a:dk2><a:srgbClr val="6B6B6B"/></a:dk2><a:lt2><a:srgbClr val="FFFFFF"/></a:lt2><a:accent1><a:srgbClr val="0B3691"/></a:accent1><a:accent2><a:srgbClr val="0E43B7"/></a:accent2><a:accent3><a:srgbClr val="0E40B6"/></a:accent3><a:accent4><a:srgbClr val="0E3FB5"/></a:accent4><a:accent5><a:srgbClr val="0E42B6"/></a:accent5><a:accent6><a:srgbClr val="0D3DA6"/></a:accent6><a:hlink><a:srgbClr val="F33B48"/></a:hlink><a:folHlink><a:srgbClr val="FFC000"/></a:folHlink></a:clrScheme>