<?xml version="1.0" encoding="UTF-8" standalone="yes"?>
<a:clrScheme xmlns:a="http://schemas.openxmlformats.org/drawingml/2006/main" name="Blue - Dark"><a:dk1><a:srgbClr val="FFFFFF"/></a:dk1><a:lt1><a:srgbClr val="FFFFFF"/></a:lt1><a:dk2><a:srgbClr val="216AA9"/></a:dk2><a:lt2><a:srgbClr val="19242F"/></a:lt2><a:accent1><a:srgbClr val="909090"/></a:accent1><a:accent2><a:srgbClr val="216AA9"/></a:accent2><a:accent3><a:srgbClr val="8B8B8B"/></a:accent3><a:accent4><a:srgbClr val="555555"/></a:accent4><a:accent5><a:srgbClr val="C6C6C6"/></a:accent5><a:accent6><a:srgbClr val="727272"/></a:accent6><a:hlink><a:srgbClr val="F33B48"/></a:hlink><a:folHlink><a:srgbClr val="FFC000"/></a:folHlink></a:clrScheme>