<?xml version="1.0" encoding="UTF-8" standalone="yes"?>
<a:clrScheme xmlns:a="http://schemas.openxmlformats.org/drawingml/2006/main" name="Motagua - Coloured 4 - Light"><a:dk1><a:srgbClr val="7E7E7E"/></a:dk1><a:lt1><a:sysClr val="window" lastClr="FFFFFF"/></a:lt1><a:dk2><a:srgbClr val="6B6B6B"/></a:dk2><a:lt2><a:srgbClr val="FFFFFF"/></a:lt2><a:accent1><a:srgbClr val="4E7DDE"/></a:accent1><a:accent2><a:srgbClr val="2CCCCF"/></a:accent2><a:accent3><a:srgbClr val="CECED0"/></a:accent3><a:accent4><a:srgbClr val="F35748"/></a:accent4><a:accent5><a:srgbClr val="42456C"/></a:accent5><a:accent6><a:srgbClr val="445469"/></a:accent6><a:hlink><a:srgbClr val="F33B48"/></a:hlink><a:folHlink><a:srgbClr val="FFC000"/></a:folHlink></a:clrScheme>