<?xml version="1.0" encoding="UTF-8" standalone="yes"?>
<a:clrScheme xmlns:a="http://schemas.openxmlformats.org/drawingml/2006/main" name="Motagua - Coloured 6 - Light"><a:dk1><a:srgbClr val="7E7E7E"/></a:dk1><a:lt1><a:sysClr val="window" lastClr="FFFFFF"/></a:lt1><a:dk2><a:srgbClr val="6B6B6B"/></a:dk2><a:lt2><a:srgbClr val="FFFFFF"/></a:lt2><a:accent1><a:srgbClr val="81B94F"/></a:accent1><a:accent2><a:srgbClr val="46A4DB"/></a:accent2><a:accent3><a:srgbClr val="E5583A"/></a:accent3><a:accent4><a:srgbClr val="F9B439"/></a:accent4><a:accent5><a:srgbClr val="7C69A8"/></a:accent5><a:accent6><a:srgbClr val="404F64"/></a:accent6><a:hlink><a:srgbClr val="F33B48"/></a:hlink><a:folHlink><a:srgbClr val="FFC000"/></a:folHlink></a:clrScheme>