<?xml version="1.0" encoding="UTF-8" standalone="yes"?>
<a:clrScheme xmlns:a="http://schemas.openxmlformats.org/drawingml/2006/main" name="Jetfabrik - Coloured 10 - Dark"><a:dk1><a:srgbClr val="FFFFFF"/></a:dk1><a:lt1><a:srgbClr val="FFFFFF"/></a:lt1><a:dk2><a:srgbClr val="FFFFFF"/></a:dk2><a:lt2><a:srgbClr val="19252F"/></a:lt2><a:accent1><a:srgbClr val="C42A13"/></a:accent1><a:accent2><a:srgbClr val="F9711C"/></a:accent2><a:accent3><a:srgbClr val="92AF27"/></a:accent3><a:accent4><a:srgbClr val="38B28A"/></a:accent4><a:accent5><a:srgbClr val="16749F"/></a:accent5><a:accent6><a:srgbClr val="041B31"/></a:accent6><a:hlink><a:srgbClr val="F33B48"/></a:hlink><a:folHlink><a:srgbClr val="FFC000"/></a:folHlink></a:clrScheme>