<?xml version="1.0" encoding="UTF-8" standalone="yes"?>
<a:clrScheme xmlns:a="http://schemas.openxmlformats.org/drawingml/2006/main" name="Motagua - Lime - Light"><a:dk1><a:srgbClr val="7E7E7E"/></a:dk1><a:lt1><a:sysClr val="window" lastClr="FFFFFF"/></a:lt1><a:dk2><a:srgbClr val="888888"/></a:dk2><a:lt2><a:srgbClr val="FFFFFF"/></a:lt2><a:accent1><a:srgbClr val="839D4C"/></a:accent1><a:accent2><a:srgbClr val="92B155"/></a:accent2><a:accent3><a:srgbClr val="A4C167"/></a:accent3><a:accent4><a:srgbClr val="ACC47E"/></a:accent4><a:accent5><a:srgbClr val="C6D8A2"/></a:accent5><a:accent6><a:srgbClr val="D4E2BB"/></a:accent6><a:hlink><a:srgbClr val="F33B48"/></a:hlink><a:folHlink><a:srgbClr val="FFC000"/></a:folHlink></a:clrScheme>