<?xml version="1.0" encoding="UTF-8" standalone="yes"?>
<a:clrScheme xmlns:a="http://schemas.openxmlformats.org/drawingml/2006/main" name="Motagua - Mariana - Dark"><a:dk1><a:srgbClr val="FFFFFF"/></a:dk1><a:lt1><a:sysClr val="window" lastClr="FFFFFF"/></a:lt1><a:dk2><a:srgbClr val="FFFFFF"/></a:dk2><a:lt2><a:srgbClr val="19242F"/></a:lt2><a:accent1><a:srgbClr val="293744"/></a:accent1><a:accent2><a:srgbClr val="344758"/></a:accent2><a:accent3><a:srgbClr val="466078"/></a:accent3><a:accent4><a:srgbClr val="587998"/></a:accent4><a:accent5><a:srgbClr val="7495B3"/></a:accent5><a:accent6><a:srgbClr val="C2C2C2"/></a:accent6><a:hlink><a:srgbClr val="F33B48"/></a:hlink><a:folHlink><a:srgbClr val="FFC000"/></a:folHlink></a:clrScheme>