<?xml version="1.0" encoding="UTF-8" standalone="yes"?>
<a:clrScheme xmlns:a="http://schemas.openxmlformats.org/drawingml/2006/main" name="Motagua - Red - Light"><a:dk1><a:srgbClr val="A1A1A1"/></a:dk1><a:lt1><a:sysClr val="window" lastClr="FFFFFF"/></a:lt1><a:dk2><a:srgbClr val="E73847"/></a:dk2><a:lt2><a:srgbClr val="FFFFFF"/></a:lt2><a:accent1><a:srgbClr val="2F2F2F"/></a:accent1><a:accent2><a:srgbClr val="E73847"/></a:accent2><a:accent3><a:srgbClr val="8B8B8B"/></a:accent3><a:accent4><a:srgbClr val="555555"/></a:accent4><a:accent5><a:srgbClr val="C6C6C6"/></a:accent5><a:accent6><a:srgbClr val="A1A1A1"/></a:accent6><a:hlink><a:srgbClr val="F33B48"/></a:hlink><a:folHlink><a:srgbClr val="FFC000"/></a:folHlink></a:clrScheme>