<?xml version="1.0" encoding="UTF-8" standalone="yes"?>
<a:clrScheme xmlns:a="http://schemas.openxmlformats.org/drawingml/2006/main" name="Motagua - Red - Dark"><a:dk1><a:srgbClr val="FFFFFF"/></a:dk1><a:lt1><a:sysClr val="window" lastClr="FFFFFF"/></a:lt1><a:dk2><a:srgbClr val="FFFFFF"/></a:dk2><a:lt2><a:srgbClr val="19242F"/></a:lt2><a:accent1><a:srgbClr val="902B20"/></a:accent1><a:accent2><a:srgbClr val="C0392B"/></a:accent2><a:accent3><a:srgbClr val="CE4E41"/></a:accent3><a:accent4><a:srgbClr val="DC6E62"/></a:accent4><a:accent5><a:srgbClr val="E28A81"/></a:accent5><a:accent6><a:srgbClr val="EEB7B1"/></a:accent6><a:hlink><a:srgbClr val="F33B48"/></a:hlink><a:folHlink><a:srgbClr val="FFC000"/></a:folHlink></a:clrScheme>