<?xml version="1.0" encoding="UTF-8" standalone="yes"?>
<a:clrScheme xmlns:a="http://schemas.openxmlformats.org/drawingml/2006/main" name="Motagua - Tosca - Dark"><a:dk1><a:srgbClr val="FFFFFF"/></a:dk1><a:lt1><a:sysClr val="window" lastClr="FFFFFF"/></a:lt1><a:dk2><a:srgbClr val="FFFFFF"/></a:dk2><a:lt2><a:srgbClr val="19242F"/></a:lt2><a:accent1><a:srgbClr val="107764"/></a:accent1><a:accent2><a:srgbClr val="16A082"/></a:accent2><a:accent3><a:srgbClr val="19B899"/></a:accent3><a:accent4><a:srgbClr val="1EDCB9"/></a:accent4><a:accent5><a:srgbClr val="64EAD0"/></a:accent5><a:accent6><a:srgbClr val="C1F6EE"/></a:accent6><a:hlink><a:srgbClr val="F33B48"/></a:hlink><a:folHlink><a:srgbClr val="FFC000"/></a:folHlink></a:clrScheme>